{
    "routes": [
        {
            "name": "ABBEY4A",
            "fplhas": "ABBEY",
            "startfix": [
                22.264997222222,
                114.78114722222
            ],
            "endfix": [
                22.107111111111,
                113.77572222222
            ],
            "startalt": [
                11000
            ],
            "endalt": [
                6000,
                3000
            ]
        },
        {
            "name": "BETTY3A",
            "fplhas": "BETTY",
            "startfix": [
                21.613611111111,
                114.51472222222
            ],
            "endfix": [
                22.107111111111,
                113.77572222222
            ],
            "startalt": [
                13000
            ],
            "endalt": [
                6000,
                3000
            ]
        },
        {
            "name": "CANTO3A",
            "fplhas": "CANTO",
            "startfix": [
                21.757880555556,
                113.81165833333
            ],
            "endfix": [
                22.107111111111,
                113.77572222222
            ],
            "startalt": [
                11000
            ],
            "endalt": [
                6000,
                3000
            ]
        }
    ]
}